ID,Name,LongName,Parent,Component,Path,Line,Column,EndLine,EndColumn,CC,CCL,CCO,CI,CLC,CLLC,LDC,LLDC,LCOM5,NL,NLE,WMC,CBO,CBOI,NII,NOI,RFC,AD,CD,CLOC,DLOC,PDA,PUA,TCD,TCLOC,DIT,NOA,NOC,NOD,NOP,LLOC,LOC,NA,NG,NLA,NLG,NLM,NLPA,NLPM,NLS,NM,NOS,NPA,NPM,NS,TLLOC,TLOC,TNA,TNG,TNLA,TNLG,TNLM,TNLPA,TNLPM,TNLS,TNM,TNOS,TNPA,TNPM,TNS,WarningBlocker,WarningCritical,WarningInfo,WarningMajor,WarningMinor,Android Rules,Basic Rules,Brace Rules,Clone Implementation Rules,Clone Metric Rules,Code Size Rules,Cohesion Metric Rules,Comment Rules,Complexity Metric Rules,Controversial Rules,Coupling Metric Rules,Coupling Rules,Design Rules,Documentation Metric Rules,Empty Code Rules,Finalizer Rules,Import Statement Rules,Inheritance Metric Rules,J2EE Rules,JUnit Rules,Jakarta Commons Logging Rules,Java Logging Rules,JavaBean Rules,MigratingToJUnit4 Rules,Migration Rules,Migration13 Rules,Migration14 Rules,Migration15 Rules,Naming Rules,Optimization Rules,Security Code Guideline Rules,Size Metric Rules,Strict Exception Rules,String and StringBuffer Rules,Type Resolution Rules,Unnecessary and Unused Code Rules,Vulnerability Rules,REMOVE_PARAMETER,ADD_PARAMETER,REPLACE_MAGIC_NUMBER_WITH_CONSTANT,REMOVE_ASSIGNMENT_TO_PARAMETERS,INTRODUCE_EXPLAINING_VARIABLE,INLINE_TEMP,REMOVE_CONTROL_FLAG,CONSOLIDATE_COND_EXPRESSION,CONSOLIDATE_DUPLICATE_COND_FRAGMENTS,REPLACE_NESTED_COND_WITH_GUARD_CLAUSES,INLINE_METHOD,EXTRACT_METHOD,REPLACE_EXCEPTION_WITH_TEST,INTRODUCE_ASSERTION,RENAME_METHOD,REPLACE_METHOD_WITH_METHOD_OBJECT,MOVE_METHOD,HIDE_METHOD,INTRODUCE_NULL_OBJECT,INTRODUCE_LOCAL_EXTENSION,EXTRACT_SUPERCLASS,EXTRACT_INTERFACE,MOVE_FIELD,RMI
L1975,Backend,com.thinkaurelius.titan.diskstorage.Backend,L144,L103,titan-core\src\main\java\com\thinkaurelius\titan\diskstorage\Backend.java,59,1,701,2,0.0650591,2,8,3,0.0482115,0.0643016,31,29,2,3,3,67,43,8,16,40,68,0.391304,0.17234,81,55,9,14,0.152015,83,1,1,0,0,1,389,560,44,21,44,21,28,16,22,0,28,192,16,22,0,463,643,44,21,44,21,36,16,30,0,36,213,16,30,0,0,8,126,2,14,0,0,6,0,18,0,3,0,0,0,3,0,17,87,0,0,0,0,0,0,0,0,0,0,0,0,0,0,1,0,0,15,0,0,0,0,0,1,1,7,0,2,0,1,0,2,0,0,1,0,0,1,2,0,0,0,0,0,0,0,-0.0010991142422126
L2372,BackendTransaction,com.thinkaurelius.titan.diskstorage.BackendTransaction,L144,L103,titan-core\src\main\java\com\thinkaurelius\titan\diskstorage\BackendTransaction.java,42,1,432,2,0.0747996,1,4,2,0.0741688,0.0942029,29,26,2,3,3,44,27,12,13,23,50,0.259259,0.26087,66,64,7,20,0.192982,66,2,2,0,0,1,187,292,15,4,15,4,27,3,26,0,27,89,3,26,0,276,391,20,4,20,4,43,3,41,0,43,115,3,41,0,0,0,165,11,19,0,0,4,0,44,0,8,0,0,6,1,0,7,101,0,0,0,0,0,0,0,0,0,0,0,0,0,0,1,1,1,11,3,0,7,0,0,7,7,3,0,0,0,0,0,1,0,0,0,0,0,13,0,0,0,0,0,0,0,0,-0.0005108019690461
L12349,TitanEventualGraphTest,com.thinkaurelius.titan.graphdb.TitanEventualGraphTest,L12234,L103,titan-test\src\main\java\com\thinkaurelius\titan\graphdb\TitanEventualGraphTest.java,33,1,351,2,0.0,0,0,0,0.0,0.0,0,0,9,2,2,20,3,2,0,0,9,0.625,0.127273,35,15,5,3,0.127273,35,1,1,2,2,1,240,319,10,8,1,0,9,0,7,0,41,205,8,36,1,240,319,10,8,1,0,9,0,7,0,41,205,8,36,1,0,0,24,71,48,0,0,1,0,0,0,1,0,0,2,0,0,1,19,0,0,0,0,0,44,0,1,0,0,0,0,0,0,0,0,0,4,0,9,0,61,0,0,0,0,0,2,0,0,0,0,0,0,0,0,1,10,0,5,0,0,0,0,0,0,-0.0002716103555991
L12280,TitanGraphTest,com.thinkaurelius.titan.graphdb.TitanGraphTest,L12234,L103,titan-test\src\main\java\com\thinkaurelius\titan\graphdb\TitanGraphTest.java,93,1,4839,2,0.467063,33,205,71,0.331157,0.365369,1572,1342,31,4,3,318,81,5,0,223,295,0.328125,0.115771,450,96,21,43,0.111729,462,1,1,5,8,1,3437,4492,10,8,1,0,72,0,63,2,104,2946,8,92,3,3673,4747,13,8,4,0,89,0,79,2,121,3117,8,108,3,0,75,420,375,1064,0,71,52,0,108,0,1,0,9,13,24,0,11,211,71,0,92,0,0,907,0,6,0,0,0,0,0,0,0,3,0,67,9,64,17,269,0,0,0,0,0,2,0,0,0,0,0,0,0,0,4,133,6,0,0,0,0,0,0,0,-0.0057713829644809
L812,DistributedStoreManager,com.thinkaurelius.titan.diskstorage.common.DistributedStoreManager,L2961,L103,titan-core\src\main\java\com\thinkaurelius\titan\diskstorage\common\DistributedStoreManager.java,27,1,267,2,0.0,0,0,0,0.0,0.0,0,0,3,1,1,11,8,5,0,0,8,0.714286,0.649351,100,99,5,2,0.570048,118,2,2,2,5,1,54,184,13,9,9,4,8,0,6,0,17,24,0,15,0,89,241,17,15,13,10,16,3,14,0,25,35,3,23,0,0,0,27,5,3,0,0,1,0,0,0,1,0,0,0,0,0,1,20,0,0,0,0,0,0,0,0,0,0,0,0,0,0,2,0,0,6,0,0,0,4,0,1,1,3,0,0,0,0,0,0,0,0,0,0,0,1,1,0,0,0,0,0,0,0,-9.241044420849054e-05
L4065,ConfigurationTest,com.thinkaurelius.titan.diskstorage.configuration.ConfigurationTest,L3124,L103,titan-test\src\test\java\com\thinkaurelius\titan\diskstorage\configuration\ConfigurationTest.java,19,1,154,2,0.0,0,0,0,0.0,0.0,0,0,2,1,1,7,0,0,0,0,2,0.333333,0.0526316,6,3,1,2,0.0491803,6,0,0,0,0,0,108,128,0,0,0,0,2,0,2,0,2,83,0,2,0,116,136,0,0,0,0,4,0,4,0,4,85,0,4,0,0,5,20,25,34,0,5,0,0,0,0,1,0,0,0,0,0,1,17,5,0,0,0,0,33,0,0,0,0,0,0,0,0,0,0,0,2,0,5,0,20,0,0,0,0,0,0,0,0,0,0,0,0,0,0,0,1,0,0,0,0,0,0,0,0,-3.79894484798804e-05
L4856,IndexProviderTest,com.thinkaurelius.titan.diskstorage.indexing.IndexProviderTest,L4344,L103,titan-test\src\main\java\com\thinkaurelius\titan\diskstorage\indexing\IndexProviderTest.java,38,1,824,2,0.0232650999999999,1,2,2,0.0355781,0.0403361,28,24,30,4,4,66,13,3,0,0,37,0.1,0.1051589999999999,53,19,3,27,0.0860215,56,0,0,3,3,0,451,638,16,4,16,4,37,5,29,1,37,313,5,29,1,595,787,16,4,16,4,57,5,49,1,57,334,5,49,1,0,20,270,85,135,0,2,18,0,54,0,2,0,3,1,1,0,29,194,2,0,0,0,0,114,0,1,0,0,0,0,0,0,2,0,0,16,0,8,16,49,0,0,0,0,0,1,0,0,0,0,0,1,3,0,1,1,1,0,0,0,0,0,0,0,-0.0011304008600889
L7370,ReadMarker,com.thinkaurelius.titan.diskstorage.log.ReadMarker,L7281,L103,titan-core\src\main\java\com\thinkaurelius\titan\diskstorage\log\ReadMarker.java,13,1,119,2,0.0,0,0,0,0.0,0.0,0,0,1,2,2,15,2,6,12,2,12,0.9,0.515464,50,50,9,1,0.515464,50,0,0,0,0,0,47,107,4,2,4,2,10,0,9,0,10,21,0,9,0,47,107,4,2,4,2,10,0,9,0,10,21,0,9,0,0,0,5,0,5,0,0,3,0,0,0,0,0,0,0,0,0,2,5,0,0,0,0,0,0,0,0,0,0,0,0,0,0,0,0,0,0,0,0,0,0,0,1,2,2,0,0,0,0,0,0,0,0,0,0,0,1,0,0,0,0,0,0,0,0,2.797671781351596e-06
L12483,TitanBlueprintsGraph,com.thinkaurelius.titan.graphdb.blueprints.TitanBlueprintsGraph,L12444,L103,titan-core\src\main\java\com\thinkaurelius\titan\graphdb\blueprints\TitanBlueprintsGraph.java,27,1,320,2,0.167123,2,8,3,0.132653,0.1741069999999999,39,39,3,2,2,53,21,5,9,39,83,0.0909091,0.0867768999999999,21,20,4,40,0.0857143,21,4,4,1,1,1,221,289,3,18,3,17,44,0,43,0,49,72,0,48,0,224,294,3,18,3,17,45,0,43,0,50,73,0,48,0,0,0,129,0,6,0,0,2,0,22,0,1,0,0,2,2,0,1,96,0,0,0,0,0,0,0,0,0,0,0,0,0,0,1,0,0,8,0,0,0,0,0,0,0,0,0,0,0,0,0,0,0,0,0,0,0,33,0,0,0,0,0,0,0,0,-0.0005738436215562
L12546,GraphDatabaseConfiguration,com.thinkaurelius.titan.graphdb.configuration.GraphDatabaseConfiguration,L12860,L103,titan-core\src\main\java\com\thinkaurelius\titan\graphdb\configuration\GraphDatabaseConfiguration.java,72,1,1820,2,0.0,0,0,0,0.0,0.0,0,0,2,5,5,114,46,24,18,61,110,0.0833333,0.3991679999999999,576,539,3,33,0.389189,576,0,0,0,0,0,867,1712,156,28,156,28,49,136,35,0,49,255,136,35,0,904,1749,156,28,156,28,57,136,43,0,57,267,136,43,0,0,5,166,11,41,0,1,15,0,0,0,1,0,3,1,4,0,25,136,0,0,0,0,0,0,0,0,0,0,0,0,0,0,6,1,0,22,1,4,0,3,0,0,0,10,0,1,2,0,0,0,0,0,2,0,0,6,1,0,0,0,0,0,0,0,-0.0019754216782232
L14748,IndexSerializer,com.thinkaurelius.titan.graphdb.database.IndexSerializer,L13595,L103,titan-core\src\main\java\com\thinkaurelius\titan\graphdb\database\IndexSerializer.java,51,1,764,2,0.0,0,0,0,0.0,0.0,0,0,2,5,5,136,71,10,11,115,155,0.263158,0.105263,50,45,5,14,0.0853462,53,0,0,0,0,0,425,541,8,16,8,16,40,0,18,0,40,316,0,18,0,568,714,20,23,20,23,66,2,39,1,66,376,2,39,1,0,0,188,3,86,0,0,60,0,0,0,1,0,8,3,11,0,23,154,0,0,1,0,0,0,0,0,0,0,0,0,0,0,1,0,0,14,0,0,0,1,0,27,30,7,0,1,0,0,1,1,0,1,2,0,2,2,1,0,0,0,0,0,0,0,-0.0014043244137555
L17835,FulgoraNeighborVertex,com.thinkaurelius.titan.graphdb.fulgora.FulgoraNeighborVertex,L17479,L103,titan-core\src\main\java\com\thinkaurelius\titan\graphdb\fulgora\FulgoraNeighborVertex.java,27,1,279,2,0.0,0,0,0,0.0,0.0,0,0,24,1,1,52,16,0,0,0,48,0.0208333,0.0147059,3,3,1,47,0.0147059,3,4,6,0,0,1,201,253,2,20,2,20,48,0,47,3,47,56,0,46,3,201,253,2,20,2,20,48,0,47,3,47,56,0,46,3,0,0,110,4,6,0,0,4,0,0,0,1,0,0,0,1,0,0,99,0,0,0,1,0,0,0,0,0,0,0,0,0,0,2,0,0,8,0,0,0,4,0,0,0,0,0,0,0,0,0,0,0,1,0,0,0,2,0,0,0,0,0,0,0,0,-0.0005373595010375
L14302,IDManager,com.thinkaurelius.titan.graphdb.idmanagement.IDManager,L18090,L103,titan-core\src\main\java\com\thinkaurelius\titan\graphdb\idmanagement\IDManager.java,17,1,716,2,0.0,0,0,0,0.0,0.0,0,0,6,3,1,62,7,14,27,13,46,0.0740741,0.212355,55,53,2,25,0.163907,99,0,0,0,0,0,204,341,15,19,15,19,33,5,26,0,33,112,5,26,0,505,700,32,20,32,20,102,22,41,0,170,180,22,109,0,0,0,341,0,13,0,0,8,0,0,0,19,0,0,0,0,0,4,255,0,0,0,0,0,0,0,0,0,0,0,0,0,0,1,0,0,67,0,0,0,0,0,1,2,5,0,0,0,0,0,0,0,0,0,0,1,16,0,0,0,0,0,0,0,0,-0.0004595554842149
L18638,AbstractElement,com.thinkaurelius.titan.graphdb.internal.AbstractElement,L18624,L103,titan-core\src\main\java\com\thinkaurelius\titan\graphdb\internal\AbstractElement.java,18,1,125,2,0.0,0,0,0,0.0,0.0,0,0,3,3,2,27,7,7,15,7,22,0.0666667,0.221053,21,21,1,14,0.221053,21,3,4,2,16,1,74,108,1,6,1,2,15,0,14,1,26,33,0,25,3,74,108,1,6,1,2,15,0,14,1,26,33,0,25,3,0,0,33,1,14,0,0,13,0,0,0,1,0,1,0,0,0,1,31,0,0,0,0,0,0,0,0,0,0,0,0,0,0,0,0,0,0,0,0,1,0,0,1,1,0,0,0,0,0,0,0,0,1,2,0,0,5,0,0,0,0,0,0,0,0,-0.00016246065452
L19971,"QueryProcessor<Q extends ElementQuery<R, B>, R extends TitanElement, B extends BackendQuery<B>>",com.thinkaurelius.titan.graphdb.query.QueryProcessor,L19323,L103,titan-core\src\main\java\com\thinkaurelius\titan\graphdb\query\QueryProcessor.java,35,1,203,2,0.0,0,0,0,0.0,0.0,0,0,1,3,3,19,4,2,4,0,4,0.333333,0.195876,19,18,1,2,0.151899,24,0,0,0,0,0,78,104,4,2,4,2,4,0,2,0,4,48,0,2,0,134,169,11,3,7,3,13,0,9,0,17,68,0,13,0,0,0,44,23,15,0,0,10,0,0,0,1,0,1,0,0,0,4,42,0,0,0,0,0,0,0,0,0,0,0,0,0,0,1,0,0,0,0,0,0,23,0,0,0,0,0,0,0,0,0,0,0,0,1,0,0,1,0,0,0,0,0,0,0,0,-2.813835730719472e-05
L21599,CacheProperty,com.thinkaurelius.titan.graphdb.relations.CacheProperty,L21442,L103,titan-core\src\main\java\com\thinkaurelius\titan\graphdb\relations\CacheProperty.java,23,1,126,2,0.1089589999999999,1,2,1,0.0961538,0.1097559999999999,10,9,5,1,1,25,7,0,0,0,12,0.1,0.0714286,6,4,1,9,0.0681818,6,6,10,0,0,1,78,100,5,20,1,5,12,0,9,1,55,38,0,51,6,82,104,5,20,1,5,13,0,10,1,56,39,0,52,6,0,0,44,13,7,0,0,3,0,7,0,1,0,0,0,0,0,3,32,0,0,0,2,0,0,0,0,0,0,0,0,0,0,1,0,0,2,0,0,0,13,0,4,4,0,0,0,0,0,0,0,0,0,0,0,0,1,0,0,0,0,0,0,0,0,-0.0002994384804755
L17260,StandardTransactionBuilder,com.thinkaurelius.titan.graphdb.transaction.StandardTransactionBuilder,L21950,L103,titan-core\src\main\java\com\thinkaurelius\titan\graphdb\transaction\StandardTransactionBuilder.java,25,1,520,2,0.0,0,0,0,0.0,0.0,0,0,1,1,1,44,15,2,5,20,62,0.0697674,0.0489796,12,12,3,40,0.0296296,12,2,3,0,0,2,233,307,22,11,22,11,42,0,42,8,42,82,0,42,8,393,496,40,22,40,22,69,0,69,9,69,126,0,69,9,0,2,166,4,30,0,0,4,0,0,0,0,0,0,0,2,0,7,142,0,0,0,1,0,0,0,0,0,0,0,0,0,0,14,7,4,21,0,0,0,0,0,0,1,7,0,0,0,0,0,0,0,1,3,0,0,3,0,0,0,0,0,0,0,0,-0.0005420057186694
L24621,SpecialIntSerializer,com.thinkaurelius.titan.graphdb.serializer.SpecialIntSerializer,L24598,L103,titan-test\src\main\java\com\thinkaurelius\titan\graphdb\serializer\SpecialIntSerializer.java,11,1,32,2,0.0,0,0,0,0.0,0.0,0,0,4,0,0,4,4,1,0,0,4,0.2,0.190476,4,3,1,4,0.190476,4,2,2,0,0,1,17,22,0,0,0,0,4,0,4,0,4,3,0,4,0,17,22,0,0,0,0,4,0,4,0,4,3,0,4,0,0,0,10,0,1,0,0,0,0,0,0,1,0,0,1,0,0,0,9,0,0,0,0,0,0,0,0,0,0,0,0,0,0,0,0,0,0,0,0,0,0,0,0,0,0,0,0,0,0,0,0,0,0,0,0,0,1,0,0,0,0,0,0,1,0,7.689514169662015e-05
L24693,SerializerTest,com.thinkaurelius.titan.graphdb.serializer.SerializerTest,L24598,L103,titan-test\src\test\java\com\thinkaurelius\titan\graphdb\serializer\SerializerTest.java,23,1,540,2,0.0,0,0,0,0.0,0.0,0,0,14,5,4,51,3,0,0,0,17,0.0,0.0652174,21,0,0,16,0.0453564,21,1,1,0,0,1,301,372,9,3,6,3,17,5,15,0,21,251,5,16,1,442,518,12,3,9,3,22,5,19,0,26,288,5,20,1,0,5,72,91,90,0,4,23,0,0,0,1,0,5,3,0,0,7,60,4,0,0,0,0,54,0,0,0,0,0,0,0,0,4,0,0,6,2,0,0,89,0,0,0,0,0,0,0,0,0,0,0,0,0,0,1,2,1,5,0,0,0,1,0,0,-0.0004944104256866
L2386,CacheTransaction,com.thinkaurelius.titan.diskstorage.keycolumnvalue.cache.CacheTransaction,L5072,L103,titan-core\src\main\java\com\thinkaurelius\titan\diskstorage\keycolumnvalue\cache\CacheTransaction.java,26,1,212,2,0.0,0,0,0,0.0,0.0,0,0,2,5,5,41,21,6,7,20,34,0.125,0.0320513,5,3,1,7,0.0303029999999999,5,3,4,0,0,2,151,177,8,2,8,2,14,0,7,0,14,92,0,7,0,160,187,8,2,8,2,16,0,9,0,16,95,0,9,0,0,0,48,3,16,0,0,10,0,0,0,2,0,3,3,2,0,2,38,0,0,0,1,0,0,0,0,0,0,0,0,0,0,1,0,0,2,0,0,1,2,0,6,5,5,0,0,2,0,0,1,1,0,1,0,0,2,3,0,0,0,0,0,0,0,-0.0003590864671662
L2019,KCVSCache,com.thinkaurelius.titan.diskstorage.keycolumnvalue.cache.KCVSCache,L5072,L103,titan-core\src\main\java\com\thinkaurelius\titan\diskstorage\keycolumnvalue\cache\KCVSCache.java,19,1,70,2,0.0,0,0,0,0.0,0.0,0,0,5,1,1,12,15,13,7,10,20,0.166667,0.0714286,3,3,1,5,0.0714286,3,2,2,2,2,1,39,52,6,7,3,2,10,1,5,0,20,13,3,14,0,39,52,6,7,3,2,10,1,5,0,20,13,3,14,0,0,0,29,0,1,0,0,0,0,0,0,1,0,0,0,1,0,1,23,0,0,0,0,0,0,0,0,0,0,0,0,0,0,0,0,0,4,0,0,0,0,0,0,0,0,1,0,0,0,0,0,0,0,0,0,0,2,0,0,0,0,0,0,0,0,-0.000130525616775
L6705,ExpectedValueCheckingStore,com.thinkaurelius.titan.diskstorage.locking.consistentkey.ExpectedValueCheckingStore,L6528,L103,titan-core\src\main\java\com\thinkaurelius\titan\diskstorage\locking\consistentkey\ExpectedValueCheckingStore.java,41,1,119,2,0.0,0,0,0,0.0,0.0,0,0,4,2,2,11,8,2,0,0,8,0.75,0.445652,41,40,3,1,0.445652,41,2,2,0,0,1,51,79,5,8,2,3,8,0,3,0,18,25,2,12,0,51,79,5,8,2,3,8,0,3,0,18,25,2,12,0,0,0,16,6,7,0,0,2,0,0,0,1,0,0,4,0,0,0,13,0,0,0,0,0,0,0,0,0,0,0,0,0,0,1,0,0,2,0,0,0,6,0,1,1,0,0,0,0,0,0,0,0,0,0,0,0,5,0,0,0,0,0,0,0,0,-6.810338150808892e-05
L6727,ExpectedValueCheckingTransaction,com.thinkaurelius.titan.diskstorage.locking.consistentkey.ExpectedValueCheckingTransaction,L6528,L103,titan-core\src\main\java\com\thinkaurelius\titan\diskstorage\locking\consistentkey\ExpectedValueCheckingTransaction.java,35,1,283,2,0.0,0,0,0,0.0,0.0,0,0,12,2,2,27,7,3,0,0,16,0.25,0.40099,81,72,2,6,0.3537119999999999,81,3,3,0,0,1,121,222,6,3,6,3,16,0,7,0,16,58,0,7,0,148,249,6,3,6,3,20,0,11,0,20,72,0,11,0,0,0,42,23,13,0,0,4,0,0,0,2,0,0,4,0,0,3,39,0,0,0,0,0,0,0,0,0,0,0,0,0,0,2,0,0,1,0,0,1,22,0,3,3,10,0,1,0,0,0,0,0,0,0,0,1,6,1,0,0,0,0,0,0,0,-0.0001905080446471
L13510,MetricInstrumentedSchemaCache,com.thinkaurelius.titan.graphdb.database.cache.MetricInstrumentedSchemaCache,L13603,L103,titan-core\src\main\java\com\thinkaurelius\titan\graphdb\database\cache\MetricInstrumentedSchemaCache.java,13,1,61,2,0.0,0,0,0,0.0,0.0,0,0,2,1,1,6,6,1,1,0,5,0.2,0.09375,3,3,1,4,0.0714286,3,1,1,0,0,1,29,38,4,2,4,2,5,3,4,0,5,8,3,4,0,39,49,4,2,4,2,7,3,6,0,7,12,3,6,0,0,0,26,2,1,0,0,0,0,0,0,2,0,0,0,0,0,1,20,0,0,0,0,0,0,0,0,0,0,0,0,0,0,0,0,0,4,0,0,0,2,0,0,0,0,0,0,0,0,0,0,0,0,0,0,0,1,0,0,0,0,0,0,0,0,3.638031850194956e-05
L15412,TransactionLogHeader,com.thinkaurelius.titan.graphdb.database.log.TransactionLogHeader,L15350,L103,titan-core\src\main\java\com\thinkaurelius\titan\graphdb\database\log\TransactionLogHeader.java,29,1,260,2,0.0,0,0,0,0.0,0.0,0,0,9,3,3,31,12,5,1,0,13,0.1,0.025,3,3,1,9,0.0151514999999999,3,0,0,0,0,0,117,138,3,3,3,3,13,0,9,0,13,74,0,9,0,195,232,12,9,12,9,24,5,17,0,24,116,5,17,0,0,0,76,42,4,0,0,1,0,0,0,2,0,0,2,1,0,1,60,0,0,0,0,0,0,0,0,0,0,0,0,0,0,0,0,0,13,0,0,0,42,0,4,6,2,0,1,0,0,0,1,0,0,0,0,1,11,0,1,1,0,0,0,0,0,-0.000207694659859
L19868,GraphCentricQueryBuilder,com.thinkaurelius.titan.graphdb.query.graph.GraphCentricQueryBuilder,L19799,L103,titan-core\src\main\java\com\thinkaurelius\titan\graphdb\query\graph\GraphCentricQueryBuilder.java,34,1,411,2,0.0,0,0,0,0.0,0.0,0,0,1,5,5,75,38,3,4,50,76,0.0869565,0.152648,49,33,2,21,0.143695,49,1,1,0,0,1,272,358,15,1,15,1,26,0,22,0,25,178,0,22,0,292,378,15,1,15,1,29,0,25,0,28,188,0,25,0,0,0,79,1,58,0,0,39,0,0,0,0,0,3,0,3,0,17,66,0,0,0,0,0,0,0,0,0,0,0,0,0,0,2,0,0,7,0,0,0,1,0,7,7,0,0,0,0,0,0,0,0,0,1,0,0,5,0,0,0,0,0,0,0,0,-0.0007641434033406
L21184,MultiVertexCentricQueryBuilder,com.thinkaurelius.titan.graphdb.query.vertex.MultiVertexCentricQueryBuilder,L20644,L103,titan-core\src\main\java\com\thinkaurelius\titan\graphdb\query\vertex\MultiVertexCentricQueryBuilder.java,23,1,149,2,0.0,0,0,0,0.0,0.0,0,0,11,4,4,22,13,1,2,0,13,0.166667,0.29661,35,35,2,10,0.294118,35,3,4,0,0,2,83,126,16,5,1,1,13,0,11,0,67,34,0,39,0,84,127,16,5,1,1,13,0,11,0,67,34,0,39,0,0,1,33,4,4,0,0,3,0,0,0,1,0,2,0,1,0,1,26,0,0,0,1,0,0,0,0,0,0,0,0,0,0,1,0,0,2,0,0,0,4,0,0,0,0,0,0,0,0,0,0,0,2,1,0,0,21,0,1,0,0,0,0,0,0,-0.0004085633968556
L23576,EmptyVertex,com.thinkaurelius.titan.graphdb.types.system.EmptyVertex,L23465,L103,titan-core\src\main\java\com\thinkaurelius\titan\graphdb\types\system\EmptyVertex.java,23,1,287,2,0.0,0,0,0,0.0,0.0,0,0,11,1,1,49,20,3,0,5,51,0.0851064,0.0780488,16,16,4,43,0.0780488,16,4,6,3,10,1,189,265,1,19,1,19,46,0,46,3,45,50,0,45,3,189,265,1,19,1,19,46,0,46,3,45,50,0,45,3,0,0,97,2,6,0,0,3,0,0,0,1,0,0,0,1,0,0,87,0,0,0,1,0,0,0,0,0,0,0,0,0,0,3,0,0,7,0,2,0,0,0,6,6,0,0,0,0,0,0,0,0,0,0,0,0,4,1,0,0,0,0,0,0,0,-0.0005083656849717
L16245,BooleanArraySerializer,com.thinkaurelius.titan.graphdb.database.serialize.attribute.BooleanArraySerializer,L16109,L103,titan-core\src\main\java\com\thinkaurelius\titan\graphdb\database\serialize\attribute\BooleanArraySerializer.java,9,1,64,2,0.0,0,0,0,0.0,0.0,0,0,4,2,2,13,4,1,0,0,6,0.2,0.0408163,2,1,1,4,0.0408163,2,2,4,0,0,2,47,56,0,2,0,1,6,0,4,1,11,29,0,4,1,47,56,0,2,0,1,6,0,4,1,11,29,0,4,1,0,0,15,7,9,0,0,6,0,0,0,1,0,0,0,0,0,3,13,0,0,0,1,0,0,0,0,0,0,0,0,0,0,0,0,0,0,0,0,0,7,0,0,0,0,0,0,0,0,0,0,0,0,0,0,0,1,0,0,0,0,0,0,1,0,-9.755081568307842e-06
L16271,BooleanSerializer,com.thinkaurelius.titan.graphdb.database.serialize.attribute.BooleanSerializer,L16109,L103,titan-core\src\main\java\com\thinkaurelius\titan\graphdb\database\serialize\attribute\BooleanSerializer.java,7,1,55,2,0.0,0,0,0,0.0,0.0,0,0,8,2,1,13,3,1,0,0,8,0.0,0.025,1,0,0,9,0.025,1,3,3,0,0,1,39,49,0,0,0,0,8,0,8,0,8,14,0,8,0,39,49,0,0,0,0,8,0,8,0,8,14,0,8,0,0,0,18,0,4,0,0,1,0,0,0,1,0,0,1,0,0,2,17,0,0,0,0,0,0,0,0,0,0,0,0,0,0,0,0,0,0,0,0,0,0,0,0,0,0,0,0,0,0,0,0,0,0,0,0,0,1,0,0,0,0,0,0,0,0,6.37894654587079e-06
L16294,ByteArraySerializer,com.thinkaurelius.titan.graphdb.database.serialize.attribute.ByteArraySerializer,L16109,L103,titan-core\src\main\java\com\thinkaurelius\titan\graphdb\database\serialize\attribute\ByteArraySerializer.java,9,1,45,2,0.0,0,0,0,0.0,0.0,0,0,4,2,2,9,4,1,0,0,6,0.2,0.0666667,2,1,1,4,0.0666667,2,2,4,0,0,2,28,37,0,2,0,1,6,0,4,1,11,13,0,4,1,28,37,0,2,0,1,6,0,4,1,11,13,0,4,1,0,0,15,2,6,0,0,5,0,0,0,1,0,0,0,0,0,1,13,0,0,0,1,0,0,0,0,0,0,0,0,0,0,0,0,0,0,0,0,0,2,0,0,0,0,0,0,0,0,0,0,0,0,0,0,0,1,0,0,0,0,0,0,1,0,1.914210443088038e-05
L16314,ByteSerializer,com.thinkaurelius.titan.graphdb.database.serialize.attribute.ByteSerializer,L16109,L103,titan-core\src\main\java\com\thinkaurelius\titan\graphdb\database\serialize\attribute\ByteSerializer.java,7,1,54,2,0.560241,1,5,1,0.25,0.352941,12,12,6,2,2,12,3,1,0,0,6,0.1428569999999999,0.1282049999999999,5,4,1,6,0.1282049999999999,5,3,3,0,0,1,34,48,1,0,1,0,6,0,6,0,6,15,0,6,0,34,48,1,0,1,0,6,0,6,0,6,15,0,6,0,0,0,25,2,6,0,0,4,0,11,0,1,0,0,1,0,0,1,13,0,0,0,0,0,0,0,0,0,0,0,0,0,0,0,0,0,0,0,0,0,2,0,0,0,0,0,0,0,0,0,0,0,0,0,0,0,1,0,0,0,0,0,0,0,0,-6.864408492268659e-05
L16338,CharacterSerializer,com.thinkaurelius.titan.graphdb.database.serialize.attribute.CharacterSerializer,L16109,L103,titan-core\src\main\java\com\thinkaurelius\titan\graphdb\database\serialize\attribute\CharacterSerializer.java,7,1,52,2,0.0,0,0,0,0.0,0.0,0,0,8,1,1,10,4,2,0,0,8,0.0,0.027027,1,0,0,9,0.027027,1,3,3,0,0,1,36,46,1,0,1,0,8,0,8,0,8,10,0,8,0,36,46,1,0,1,0,8,0,8,0,8,10,0,8,0,0,0,18,2,2,0,0,0,0,0,0,1,0,0,1,0,0,1,17,0,0,0,0,0,0,0,0,0,0,0,0,0,0,0,0,0,0,0,0,0,2,0,0,0,0,0,0,0,0,0,0,0,0,0,0,0,1,0,0,0,0,0,0,0,0,1.1071206245327757e-05
L16368,CharArraySerializer,com.thinkaurelius.titan.graphdb.database.serialize.attribute.CharArraySerializer,L16109,L103,titan-core\src\main\java\com\thinkaurelius\titan\graphdb\database\serialize\attribute\CharArraySerializer.java,9,1,45,2,0.0,0,0,0,0.0,0.0,0,0,4,2,2,9,4,1,0,0,6,0.2,0.0666667,2,1,1,4,0.0666667,2,2,4,0,0,2,28,37,0,2,0,1,6,0,4,1,11,13,0,4,1,28,37,0,2,0,1,6,0,4,1,11,13,0,4,1,0,0,15,2,8,0,0,5,0,0,0,1,0,0,0,0,0,3,13,0,0,0,1,0,0,0,0,0,0,0,0,0,0,0,0,0,0,0,0,0,2,0,0,0,0,0,0,0,0,0,0,0,0,0,0,0,1,0,0,0,0,0,0,1,0,1.89344197081276e-05
L16388,DateSerializer,com.thinkaurelius.titan.graphdb.database.serialize.attribute.DateSerializer,L16109,L103,titan-core\src\main\java\com\thinkaurelius\titan\graphdb\database\serialize\attribute\DateSerializer.java,9,1,47,2,0.0,0,0,0,0.0,0.0,0,0,6,1,1,9,4,1,0,0,6,0.0,0.03125,1,0,0,7,0.03125,1,3,3,0,0,1,31,39,1,0,1,0,6,0,6,0,6,10,0,6,0,31,39,1,0,1,0,6,0,6,0,6,10,0,6,0,0,0,14,4,3,0,0,1,0,0,0,1,0,0,1,0,0,1,13,0,0,0,0,0,0,0,0,0,0,0,0,0,0,0,0,0,0,0,0,0,4,0,0,0,0,0,0,0,0,0,0,0,0,0,0,0,1,0,0,0,0,0,0,0,0,2.909355990554641e-05
L16411,DoubleArraySerializer,com.thinkaurelius.titan.graphdb.database.serialize.attribute.DoubleArraySerializer,L16109,L103,titan-core\src\main\java\com\thinkaurelius\titan\graphdb\database\serialize\attribute\DoubleArraySerializer.java,9,1,45,2,0.0,0,0,0,0.0,0.0,0,0,4,2,2,9,4,1,0,0,6,0.2,0.0666667,2,1,1,4,0.0666667,2,2,4,0,0,2,28,37,0,2,0,1,6,0,4,1,11,13,0,4,1,28,37,0,2,0,1,6,0,4,1,11,13,0,4,1,0,0,15,2,8,0,0,5,0,0,0,1,0,0,0,0,0,3,13,0,0,0,1,0,0,0,0,0,0,0,0,0,0,0,0,0,0,0,0,0,2,0,0,0,0,0,0,0,0,0,0,0,0,0,0,0,1,0,0,0,0,0,0,1,0,1.89344197081276e-05
L16431,DoubleSerializer,com.thinkaurelius.titan.graphdb.database.serialize.attribute.DoubleSerializer,L16109,L103,titan-core\src\main\java\com\thinkaurelius\titan\graphdb\database\serialize\attribute\DoubleSerializer.java,11,1,36,2,0.0,0,0,0,0.0,0.0,0,0,4,2,1,6,3,1,0,0,4,0.2,0.16,4,3,1,4,0.16,4,2,2,0,0,1,21,26,0,0,0,0,4,0,4,0,4,7,0,4,0,21,26,0,0,0,0,4,0,4,0,4,7,0,4,0,0,0,10,0,2,0,0,1,0,0,0,1,0,0,0,0,0,1,9,0,0,0,0,0,0,0,0,0,0,0,0,0,0,0,0,0,0,0,0,0,0,0,0,0,0,0,0,0,0,0,0,0,0,0,0,0,1,0,0,0,0,0,0,1,0,7.307504393405662e-05
L16445,FloatArraySerializer,com.thinkaurelius.titan.graphdb.database.serialize.attribute.FloatArraySerializer,L16109,L103,titan-core\src\main\java\com\thinkaurelius\titan\graphdb\database\serialize\attribute\FloatArraySerializer.java,9,1,45,2,0.0,0,0,0,0.0,0.0,0,0,4,2,2,9,4,1,0,0,6,0.2,0.0666667,2,1,1,4,0.0666667,2,2,4,0,0,2,28,37,0,2,0,1,6,0,4,1,11,13,0,4,1,28,37,0,2,0,1,6,0,4,1,11,13,0,4,1,0,0,15,2,8,0,0,5,0,0,0,1,0,0,0,0,0,3,13,0,0,0,1,0,0,0,0,0,0,0,0,0,0,0,0,0,0,0,0,0,2,0,0,0,0,0,0,0,0,0,0,0,0,0,0,0,1,0,0,0,0,0,0,1,0,1.89344197081276e-05
L16465,FloatSerializer,com.thinkaurelius.titan.graphdb.database.serialize.attribute.FloatSerializer,L16109,L103,titan-core\src\main\java\com\thinkaurelius\titan\graphdb\database\serialize\attribute\FloatSerializer.java,11,1,38,2,0.0,0,0,0,0.0,0.0,0,0,4,2,2,8,3,1,0,0,4,0.2,0.148148,4,3,1,4,0.148148,4,2,2,0,0,1,23,28,0,0,0,0,4,0,4,0,4,10,0,4,0,23,28,0,0,0,0,4,0,4,0,4,10,0,4,0,0,0,10,1,4,0,0,3,0,0,0,1,0,0,0,0,0,1,9,0,0,0,0,0,0,0,0,0,0,0,0,0,0,0,0,0,0,0,0,0,1,0,0,0,0,0,0,0,0,0,0,0,0,0,0,0,1,0,0,0,0,0,0,1,0,6.243948410300515e-05
L16482,IntArraySerializer,com.thinkaurelius.titan.graphdb.database.serialize.attribute.IntArraySerializer,L16109,L103,titan-core\src\main\java\com\thinkaurelius\titan\graphdb\database\serialize\attribute\IntArraySerializer.java,9,1,45,2,0.0,0,0,0,0.0,0.0,0,0,4,2,2,9,4,1,0,0,6,0.2,0.0666667,2,1,1,4,0.0666667,2,2,4,0,0,2,28,37,0,2,0,1,6,0,4,1,11,13,0,4,1,28,37,0,2,0,1,6,0,4,1,11,13,0,4,1,0,0,15,2,8,0,0,5,0,0,0,1,0,0,0,0,0,3,13,0,0,0,1,0,0,0,0,0,0,0,0,0,0,0,0,0,0,0,0,0,2,0,0,0,0,0,0,0,0,0,0,0,0,0,0,0,1,0,0,0,0,0,0,1,0,1.89344197081276e-05
L16502,IntegerSerializer,com.thinkaurelius.titan.graphdb.database.serialize.attribute.IntegerSerializer,L16109,L103,titan-core\src\main\java\com\thinkaurelius\titan\graphdb\database\serialize\attribute\IntegerSerializer.java,9,1,57,2,0.497326,1,5,1,0.244898,0.333333,12,12,6,2,2,13,3,1,0,0,6,0.1428569999999999,0.121951,5,4,1,6,0.121951,5,3,3,0,0,1,36,49,1,0,1,0,6,0,6,0,6,17,0,6,0,36,49,1,0,1,0,6,0,6,0,6,17,0,6,0,0,0,25,3,7,0,0,4,0,11,0,1,0,0,2,0,0,1,13,0,0,0,0,0,0,0,0,0,0,0,0,0,0,0,0,0,0,0,0,0,3,0,0,0,0,0,0,0,0,0,0,0,0,0,0,0,1,0,0,0,0,0,0,0,0,-6.446290388395504e-05
L16523,LongArraySerializer,com.thinkaurelius.titan.graphdb.database.serialize.attribute.LongArraySerializer,L16109,L103,titan-core\src\main\java\com\thinkaurelius\titan\graphdb\database\serialize\attribute\LongArraySerializer.java,9,1,45,2,0.0,0,0,0,0.0,0.0,0,0,4,2,2,9,4,1,0,0,6,0.2,0.0666667,2,1,1,4,0.0666667,2,2,4,0,0,2,28,37,0,2,0,1,6,0,4,1,11,13,0,4,1,28,37,0,2,0,1,6,0,4,1,11,13,0,4,1,0,0,15,2,8,0,0,5,0,0,0,1,0,0,0,0,0,3,13,0,0,0,1,0,0,0,0,0,0,0,0,0,0,0,0,0,0,0,0,0,2,0,0,0,0,0,0,0,0,0,0,0,0,0,0,0,1,0,0,0,0,0,0,1,0,1.89344197081276e-05
L16190,LongSerializer,com.thinkaurelius.titan.graphdb.database.serialize.attribute.LongSerializer,L16109,L103,titan-core\src\main\java\com\thinkaurelius\titan\graphdb\database\serialize\attribute\LongSerializer.java,8,1,58,2,0.0,0,0,0,0.0,0.0,0,0,6,3,2,11,3,4,2,0,6,0.1428569999999999,0.125,5,4,1,6,0.125,5,3,3,0,0,1,35,51,2,0,2,0,6,1,6,0,6,14,1,6,0,35,51,2,0,2,0,6,1,6,0,6,14,1,6,0,0,0,18,1,6,0,0,3,0,0,0,1,0,0,2,0,0,1,13,0,0,0,0,0,0,0,0,0,0,0,0,0,0,0,0,0,4,0,0,0,1,0,0,0,0,0,0,0,0,0,0,0,0,0,0,0,1,0,0,0,0,0,0,0,0,2.137170187210824e-05
L16560,ShortArraySerializer,com.thinkaurelius.titan.graphdb.database.serialize.attribute.ShortArraySerializer,L16109,L103,titan-core\src\main\java\com\thinkaurelius\titan\graphdb\database\serialize\attribute\ShortArraySerializer.java,9,1,45,2,0.0,0,0,0,0.0,0.0,0,0,4,2,2,9,4,1,0,0,6,0.2,0.0666667,2,1,1,4,0.0666667,2,2,4,0,0,2,28,37,0,2,0,1,6,0,4,1,11,13,0,4,1,28,37,0,2,0,1,6,0,4,1,11,13,0,4,1,0,0,15,2,8,0,0,5,0,0,0,1,0,0,0,0,0,3,13,0,0,0,1,0,0,0,0,0,0,0,0,0,0,0,0,0,0,0,0,0,2,0,0,0,0,0,0,0,0,0,0,0,0,0,0,0,1,0,0,0,0,0,0,1,0,1.89344197081276e-05
L16347,ShortSerializer,com.thinkaurelius.titan.graphdb.database.serialize.attribute.ShortSerializer,L16109,L103,titan-core\src\main\java\com\thinkaurelius\titan\graphdb\database\serialize\attribute\ShortSerializer.java,7,1,53,2,0.560241,1,5,1,0.255319,0.352941,12,12,6,2,2,12,3,2,0,0,6,0.1428569999999999,0.1282049999999999,5,4,1,6,0.1282049999999999,5,3,3,0,0,1,34,47,1,0,1,0,6,0,6,0,6,15,0,6,0,34,47,1,0,1,0,6,0,6,0,6,15,0,6,0,0,0,25,2,6,0,0,4,0,11,0,1,0,0,1,0,0,1,13,0,0,0,0,0,0,0,0,0,0,0,0,0,0,0,0,0,0,0,0,0,2,0,0,0,0,0,0,0,0,0,0,0,0,0,0,0,1,0,0,0,0,0,0,0,0,-6.864408492268659e-05
L16599,StringArraySerializer,com.thinkaurelius.titan.graphdb.database.serialize.attribute.StringArraySerializer,L16109,L103,titan-core\src\main\java\com\thinkaurelius\titan\graphdb\database\serialize\attribute\StringArraySerializer.java,9,1,51,2,0.0,0,0,0,0.0,0.0,0,0,4,2,2,10,5,1,0,0,6,0.2,0.0571428999999999,2,1,1,4,0.0571428999999999,2,2,4,0,0,2,33,43,1,2,1,1,6,0,4,1,11,18,0,4,1,33,43,1,2,1,1,6,0,4,1,11,18,0,4,1,0,0,15,5,9,0,0,5,0,0,0,1,0,0,0,0,0,3,13,0,0,0,1,0,0,0,0,0,0,0,0,0,0,1,0,0,0,0,0,0,5,0,0,0,0,0,0,0,0,0,0,0,0,0,0,0,1,0,0,0,0,0,0,1,0,3.970681653475694e-07
L16605,StringSerializer,com.thinkaurelius.titan.graphdb.database.serialize.attribute.StringSerializer,L16109,L103,titan-core\src\main\java\com\thinkaurelius\titan\graphdb\database\serialize\attribute\StringSerializer.java,24,1,264,2,0.0,0,0,0,0.0,0.0,0,0,6,6,5,43,5,2,0,0,6,0.1428569999999999,0.0828401999999999,14,8,1,6,0.0622222,14,3,4,0,0,2,155,172,8,0,8,0,6,3,6,0,6,112,3,6,0,211,241,11,2,11,2,15,5,15,0,15,138,5,15,0,0,0,59,36,28,0,0,20,0,0,0,3,0,7,0,0,0,10,42,0,0,0,1,0,0,0,0,0,0,0,0,0,0,0,1,0,6,0,0,0,33,0,0,0,0,0,0,0,0,0,0,0,0,0,0,0,1,0,0,0,0,0,0,0,0,-0.0002322357368548
